Threshold,Precision,Recall,F1,True Negatives,False Positives,False Negatives,True Positives,FPR,FNR
0.1,0.9831236575636698,0.9970437217986619,0.990034762456547,5775,110,19,6408,0.018691588785046728,0.0029562782013381047
0.11,0.983724857976355,0.9968881282091178,0.9902627511591963,5779,106,20,6407,0.018011894647408665,0.0031118717908822156
0.12,0.9840245775729647,0.9967325346195737,0.990337790832496,5781,104,21,6406,0.017672047578589634,0.0032674653804263265
0.13,0.9847809377401998,0.9967325346195737,0.9907206928549335,5786,99,21,6406,0.016822429906542057,0.0032674653804263265
0.14,0.9850815133804983,0.9965769410300296,0.9907958852192745,5788,97,22,6405,0.016482582837723025,0.0034230589699704374
0.15,0.9856879039704525,0.9965769410300296,0.9911025145067698,5792,93,22,6405,0.015802888700084963,0.0034230589699704374
0.16,0.9861431870669746,0.9965769410300296,0.991332611050921,5795,90,22,6405,0.015293118096856415,0.0034230589699704374
0.17,0.9861431870669746,0.9965769410300296,0.991332611050921,5795,90,22,6405,0.015293118096856415,0.0034230589699704374
0.18,0.9862929308486061,0.9964213474404855,0.9913312693498452,5796,89,23,6404,0.0151231945624469,0.003578652559514548
0.19,0.9864406779661017,0.9961101602613972,0.9912518386622281,5797,88,25,6402,0.014953271028037384,0.0038898397386027696
0.2,0.9867447595561035,0.9961101602613972,0.9914053426248548,5799,86,25,6402,0.014613423959218351,0.0038898397386027696
0.21,0.9870470316114109,0.9959545666718531,0.9914807930607187,5801,84,26,6401,0.01427357689039932,0.0040454333281468805
0.22,0.9875038568343104,0.9959545666718531,0.9917112092338678,5804,81,26,6401,0.013763806287170773,0.0040454333281468805
0.23,0.9878067603025158,0.995798973082309,0.9917867658453432,5806,79,27,6400,0.013423959218351742,0.004201026917690991
0.24,0.9878048780487805,0.9956433794927649,0.9917086400619914,5806,79,28,6399,0.013423959218351742,0.004356620507235102
0.25,0.9881099444101297,0.9956433794927649,0.9918623575912578,5808,77,28,6399,0.013084112149532711,0.004356620507235102
0.26,0.9882625482625482,0.9956433794927649,0.9919392342272516,5809,76,28,6399,0.012914188615123194,0.004356620507235102
0.27,0.9885678974200526,0.9956433794927649,0.9920930232558139,5811,74,28,6399,0.012574341546304163,0.004356620507235102
0.28,0.9888734353268428,0.9956433794927649,0.9922468599782912,5813,72,28,6399,0.012234494477485132,0.004356620507235102
0.29,0.9891791621579842,0.9956433794927649,0.9924007444168734,5815,70,28,6399,0.0118946474086661,0.004356620507235102
0.3,0.9891758156796041,0.9953321923136766,0.9922444547851714,5815,70,30,6397,0.0118946474086661,0.004667807686323323
0.31,0.9893287967831735,0.9953321923136766,0.9923214147211665,5816,69,30,6397,0.011724723874256585,0.004667807686323323
0.32,0.9896332972303884,0.9951765987241326,0.9923972071373157,5818,67,31,6396,0.011384876805437554,0.0048234012758674345
0.33,0.990092879256966,0.9951765987241326,0.9926282299992241,5821,64,31,6396,0.010875106202209005,0.0048234012758674345
0.34,0.990092879256966,0.9951765987241326,0.9926282299992241,5821,64,31,6396,0.010875106202209005,0.0048234012758674345
0.35,0.990092879256966,0.9951765987241326,0.9926282299992241,5821,64,31,6396,0.010875106202209005,0.0048234012758674345
0.36,0.9900913454095062,0.9950210051345885,0.9925500543225205,5821,64,32,6395,0.010875106202209005,0.004978994865411545
0.37,0.9900913454095062,0.9950210051345885,0.9925500543225205,5821,64,32,6395,0.010875106202209005,0.004978994865411545
0.38,0.9903965303593556,0.9948654115450444,0.9926259411627727,5823,62,33,6394,0.010535259133389974,0.0051345884549556554
0.39,0.9903935543848776,0.9945542243659561,0.9924695287632948,5823,62,35,6392,0.010535259133389974,0.005445775634043877
0.4,0.9903920657058732,0.994398630776412,0.9923913043478261,5823,62,36,6391,0.010535259133389974,0.0056013692235879885
0.41,0.990545567265964,0.994398630776412,0.9924683593446696,5824,61,36,6391,0.010365335598980459,0.0056013692235879885
0.42,0.9906991164160596,0.994398630776412,0.992545426308433,5825,60,36,6391,0.010195412064570943,0.0056013692235879885
0.43,0.9906976744186047,0.9942430371868679,0.9924671895627863,5825,60,37,6390,0.010195412064570943,0.005756962813132099
0.44,0.9906976744186047,0.9942430371868679,0.9924671895627863,5825,60,37,6390,0.010195412064570943,0.005756962813132099
0.45,0.9906962319739494,0.9940874435973238,0.9923889406648028,5825,60,38,6389,0.010195412064570943,0.0059125564026762095
0.46,0.9906962319739494,0.9940874435973238,0.9923889406648028,5825,60,38,6389,0.010195412064570943,0.0059125564026762095
0.47,0.9906962319739494,0.9940874435973238,0.9923889406648028,5825,60,38,6389,0.010195412064570943,0.0059125564026762095
0.48,0.9908484566465022,0.9939318500077797,0.9923877582724872,5826,59,39,6388,0.010025488530161428,0.006068149992220321
0.49,0.9908484566465022,0.9939318500077797,0.9923877582724872,5826,59,39,6388,0.010025488530161428,0.006068149992220321
0.5,0.9908484566465022,0.9939318500077797,0.9923877582724872,5826,59,39,6388,0.010025488530161428,0.006068149992220321
0.51,0.9908484566465022,0.9939318500077797,0.9923877582724872,5826,59,39,6388,0.010025488530161428,0.006068149992220321
0.52,0.9911559348332041,0.9939318500077797,0.9925419515226849,5828,57,39,6388,0.009685641461342397,0.006068149992220321
0.53,0.9913097454996896,0.9939318500077797,0.9926190661176287,5829,56,39,6388,0.009515717926932881,0.006068149992220321
0.54,0.9914636039112215,0.9939318500077797,0.9926961926961927,5830,55,39,6388,0.009345794392523364,0.006068149992220321
0.55,0.9914622787954052,0.9937762564182355,0.9926179190302277,5830,55,40,6387,0.009345794392523364,0.006223743581764431
0.56,0.9916162086632511,0.9937762564182355,0.992695057506994,5831,54,40,6387,0.009175870858113848,0.006223743581764431
0.57,0.9916162086632511,0.9937762564182355,0.992695057506994,5831,54,40,6387,0.009175870858113848,0.006223743581764431
0.58,0.9916149068322981,0.9936206628286914,0.9926167715862283,5831,54,41,6386,0.009175870858113848,0.006379337171308542
0.59,0.9916149068322981,0.9936206628286914,0.9926167715862283,5831,54,41,6386,0.009175870858113848,0.006379337171308542
0.6,0.9916149068322981,0.9936206628286914,0.9926167715862283,5831,54,41,6386,0.009175870858113848,0.006379337171308542
0.61,0.9916149068322981,0.9936206628286914,0.9926167715862283,5831,54,41,6386,0.009175870858113848,0.006379337171308542
0.62,0.9916149068322981,0.9936206628286914,0.9926167715862283,5831,54,41,6386,0.009175870858113848,0.006379337171308542
0.63,0.9916136045969871,0.9934650692391473,0.9925384734960361,5831,54,42,6385,0.009175870858113848,0.006534930760852653
0.64,0.9916096954630205,0.992998288470515,0.9923035061805178,5831,54,45,6382,0.009175870858113848,0.007001711529484985
0.65,0.9916057826830406,0.9925315077018827,0.9920684292379471,5831,54,48,6379,0.009175870858113848,0.0074684922981173175
0.66,0.9916044776119403,0.9923759141123386,0.9919900458822615,5831,54,49,6378,0.009175870858113848,0.007624085887661428
0.67,0.9919116503344222,0.9922203205227944,0.9920659614187928,5833,52,50,6377,0.008836023789294817,0.007779679477205539
0.68,0.9922191098661687,0.9920647269332503,0.9921419123939936,5835,50,51,6376,0.008496176720475786,0.00793527306674965
0.69,0.9922166874221668,0.9917535397541621,0.9919850595284414,5835,50,53,6374,0.008496176720475786,0.008246460245837871
0.7,0.9923711661217499,0.9917535397541621,0.9920622568093386,5836,49,53,6374,0.00832625318606627,0.008246460245837871
0.71,0.9926791277258566,0.991597946164618,0.9921382423912197,5838,47,54,6373,0.00798640611724724,0.008402053835381982
0.72,0.992832658148956,0.991442352575074,0.9921370182950564,5839,46,55,6372,0.007816482582837724,0.008557647424926092
0.73,0.992832658148956,0.991442352575074,0.9921370182950564,5839,46,55,6372,0.007816482582837724,0.008557647424926092
0.74,0.993140006236358,0.9911311653959857,0.9921345689588038,5841,44,57,6370,0.007476635514018692,0.008868834604014315
0.75,0.9931389365351629,0.9909755718064416,0.9920560747663552,5841,44,58,6369,0.007476635514018692,0.009024428193558426
0.76,0.9931389365351629,0.9909755718064416,0.9920560747663552,5841,44,58,6369,0.007476635514018692,0.009024428193558426
0.77,0.9932917316692668,0.9906643846273534,0.9919763184544675,5842,43,60,6367,0.0073067119796091755,0.009335615372646646
0.78,0.9934456928838952,0.9905087910378092,0.9919750681729645,5843,42,61,6366,0.00713678844519966,0.009491208962190759
0.79,0.9934456928838952,0.9905087910378092,0.9919750681729645,5843,42,61,6366,0.00713678844519966,0.009491208962190759
0.8,0.9937529283148524,0.9900420102691769,0.9918939984411536,5845,40,64,6363,0.006796941376380629,0.00995798973082309
0.81,0.99390625,0.9897308230900886,0.9918141420441257,5846,39,66,6361,0.006627017841971113,0.010269176909911311
0.82,0.99390625,0.9897308230900886,0.9918141420441257,5846,39,66,6361,0.006627017841971113,0.010269176909911311
0.83,0.993905297702766,0.9895752295005446,0.9917355371900827,5846,39,67,6360,0.006627017841971113,0.010424770499455423
0.84,0.9939033922151008,0.9892640423214564,0.9915782907049283,5846,39,69,6358,0.006627017841971113,0.010735957678543644
0.85,0.9940569283703472,0.9889528551423681,0.9914983230637235,5847,38,71,6356,0.006457094307561597,0.011047144857631865
0.86,0.9940550688360451,0.9886416679632799,0.9913409782354318,5847,38,73,6354,0.006457094307561597,0.011358332036720088
0.87,0.9940532081377151,0.9883304807841917,0.9911835843020987,5847,38,75,6352,0.006457094307561597,0.011669519215808308
0.88,0.9940494832445975,0.9877081064260153,0.9908686490283306,5847,38,79,6348,0.006457094307561597,0.012291893573984752
0.89,0.9942015358094343,0.9870857320678388,0.9906308557151781,5848,37,83,6344,0.006287170773152081,0.012914267932161196
0.9,0.9942006269592476,0.9869301384782947,0.9905520418521121,5848,37,84,6343,0.006287170773152081,0.013069861521705306
